{"cameraMode":{"drawMode":0,"name":"Shaded","section":"Shading Mode"},"sceneLighting":true,"audioPlay":false,"sceneViewState":{"showFog":true,"showMaterialUpdate":false,"showSkybox":true,"showFlares":true,"showImageEffects":true,"showParticleSystems":true},"in2DMode":false,"pivot":{"x":-0.03549398109316826,"y":5.101991653442383,"z":-11.025691032409668},"rotation":{"x":-0.1909119337797165,"y":-0.04651176929473877,"z":0.00905658956617117,"w":-0.9804630279541016},"size":0.40662717819213869,"orthographic":false}