{"cameraMode":{"drawMode":0,"name":"Shaded","section":"Shading Mode"},"sceneLighting":true,"audioPlay":false,"sceneViewState":{"showFog":true,"showMaterialUpdate":false,"showSkybox":false,"showFlares":true,"showImageEffects":true,"showParticleSystems":true},"in2DMode":false,"pivot":{"x":0.0,"y":1.6819994449615479,"z":4.76837158203125e-7},"rotation":{"x":0.2136015146970749,"y":0.09537910670042038,"z":-0.020959852263331415,"w":0.9720310568809509},"size":9.892481803894043,"orthographic":false}